id,name,clauseRef,text,regulationId,standardId,catalogVersion,sourceDocumentId,sourceAnchor,tags
CLA-WATER_ACT_1974,Consent to Establish (CTE) / Consent to Operate (CTO) — Section 25/26,Consent to Establish (CTE) / Consent to Operate (CTO) — Section 25/26,"Synthetic clause representing Water (Prevention and Control of Pollution) Act, 1974's operative instrument requirement: Consent to Establish (CTE) / Consent to Operate (CTO) — Section 25/26.",WATER_ACT_1974,,1.0,WATER_ACT_1974-DOC,Consent to Establish (CTE) / Consent to Operate (CTO) — Section 25/26,CPCB|WATER_ACT_1974
CLA-AIR_ACT_1981,Consent to Establish (CTE) / Consent to Operate (CTO) — Section 21,Consent to Establish (CTE) / Consent to Operate (CTO) — Section 21,"Synthetic clause representing Air (Prevention and Control of Pollution) Act, 1981's operative instrument requirement: Consent to Establish (CTE) / Consent to Operate (CTO) — Section 21.",AIR_ACT_1981,,1.0,AIR_ACT_1981-DOC,Consent to Establish (CTE) / Consent to Operate (CTO) — Section 21,CPCB|AIR_ACT_1981
CLA-EPA_1986,Umbrella statute — enabling framework for all subordinate Rules below,Umbrella statute — enabling framework for all subordinate Rules below,"Synthetic clause representing Environment (Protection) Act, 1986's operative instrument requirement: Umbrella statute — enabling framework for all subordinate Rules below.",EPA_1986,,1.0,EPA_1986-DOC,Umbrella statute — enabling framework for all subordinate Rules below,CPCB|EPA_1986
CLA-HWM_RULES_2016,Hazardous Waste Authorization — Rule 6,Hazardous Waste Authorization — Rule 6,"Synthetic clause representing Hazardous and Other Wastes (Management and Transboundary Movement) Rules, 2016's operative instrument requirement: Hazardous Waste Authorization — Rule 6.",HWM_RULES_2016,,1.0,HWM_RULES_2016-DOC,Hazardous Waste Authorization — Rule 6,CPCB|HWM_RULES_2016
CLA-SWM_RULES_2016,Bulk Waste Generator Registration / Segregation Compliance,Bulk Waste Generator Registration / Segregation Compliance,"Synthetic clause representing Solid Waste Management Rules, 2016's operative instrument requirement: Bulk Waste Generator Registration / Segregation Compliance.",SWM_RULES_2016,,1.0,SWM_RULES_2016-DOC,Bulk Waste Generator Registration / Segregation Compliance,CPCB|SWM_RULES_2016
CLA-NOISE_RULES_2000,Ambient Noise Standard Compliance,Ambient Noise Standard Compliance,"Synthetic clause representing Noise Pollution (Regulation and Control) Rules, 2000's operative instrument requirement: Ambient Noise Standard Compliance.",NOISE_RULES_2000,,1.0,NOISE_RULES_2000-DOC,Ambient Noise Standard Compliance,CPCB|NOISE_RULES_2000
CLA-PWM_RULES_2016,Extended Producer Responsibility (EPR) Registration,Extended Producer Responsibility (EPR) Registration,"Synthetic clause representing Plastic Waste Management Rules, 2016 (as amended 2022)'s operative instrument requirement: Extended Producer Responsibility (EPR) Registration.",PWM_RULES_2016,,1.0,PWM_RULES_2016-DOC,Extended Producer Responsibility (EPR) Registration,CPCB|PWM_RULES_2016
CLA-EWASTE_RULES_2022,Extended Producer Responsibility (EPR) — for bulk consumers,Extended Producer Responsibility (EPR) — for bulk consumers,"Synthetic clause representing E-Waste (Management) Rules, 2022's operative instrument requirement: Extended Producer Responsibility (EPR) — for bulk consumers.",EWASTE_RULES_2022,,1.0,EWASTE_RULES_2022-DOC,Extended Producer Responsibility (EPR) — for bulk consumers,CPCB|EWASTE_RULES_2022
CLA-BATTERY_RULES_2022,Bulk Consumer Take-Back Compliance,Bulk Consumer Take-Back Compliance,"Synthetic clause representing Battery Waste Management Rules, 2022's operative instrument requirement: Bulk Consumer Take-Back Compliance.",BATTERY_RULES_2022,,1.0,BATTERY_RULES_2022-DOC,Bulk Consumer Take-Back Compliance,CPCB|BATTERY_RULES_2022
CLA-BMW_RULES_2016,Bio-Medical Waste Authorization — Rule 10,Bio-Medical Waste Authorization — Rule 10,"Synthetic clause representing Bio-Medical Waste Management Rules, 2016's operative instrument requirement: Bio-Medical Waste Authorization — Rule 10.",BMW_RULES_2016,,1.0,BMW_RULES_2016-DOC,Bio-Medical Waste Authorization — Rule 10,CPCB|BMW_RULES_2016
CLA-CD_RULES_2016,Waste Management Plan for C&D activity,Waste Management Plan for C&D activity,"Synthetic clause representing Construction and Demolition Waste Management Rules, 2016's operative instrument requirement: Waste Management Plan for C&D activity.",CD_RULES_2016,,1.0,CD_RULES_2016-DOC,Waste Management Plan for C&D activity,CPCB|CD_RULES_2016
