id,name,controlType,description,complianceAreaId,riskId,obligationId,clauseId,standardId,regulationId,authorityId,tags
CTRL-WA-01,STP — Effluent Quality Standard (BOD/COD/TSS/pH/O&G),Detective,Treated effluent must meet prescribed discharge/reuse standards before release or reuse,CA-008,,WA-01,CLA-WATER_ACT_1974,,WATER_ACT_1974,AUTH-010,CPCB|Detective
CTRL-WA-02,Site — Flow Meter Calibration,Preventive,Effluent/water flow meters must be calibrated and log maintained,CA-008,,WA-02,CLA-WATER_ACT_1974,,WATER_ACT_1974,AUTH-010,CPCB|Preventive
CTRL-WA-03,Organization — Consent to Operate (Water),Preventive,Valid CTO must be held and renewed before expiry for water-related discharge,CA-008,,WA-03,CLA-WATER_ACT_1974,,WATER_ACT_1974,AUTH-010,CPCB|Preventive
CTRL-WA-04,Site — Water Cess Return (Water Cess Act 1977),Detective,"Self-assessed water consumption cess return, where applicable",CA-008,,WA-04,CLA-WATER_ACT_1974,,WATER_ACT_1974,AUTH-010,CPCB|Detective
CTRL-AA-01,DG Set — Stack Emission Limit (PM/SO2/NOx/CO),Detective,Stack emissions from DG sets must remain within CPCB/SPCB notified limits,CA-008,,AA-01,CLA-AIR_ACT_1981,,AIR_ACT_1981,AUTH-010,CPCB|Detective
CTRL-AA-02,Boiler — Stack Emission Limit,Detective,Boiler stack emissions must remain within prescribed limits,CA-008,,AA-02,CLA-AIR_ACT_1981,,AIR_ACT_1981,AUTH-010,CPCB|Detective
CTRL-AA-03,Site — Ambient Air Quality Standard (NAAQS),Detective,Ambient air quality at site boundary must meet National Ambient Air Quality Standards,CA-008,,AA-03,CLA-AIR_ACT_1981,,AIR_ACT_1981,AUTH-010,CPCB|Detective
CTRL-AA-04,DG Set — Stack Height Compliance,Preventive,DG set stack height must meet CPCB norm relative to DG capacity/building height,CA-008,,AA-04,CLA-AIR_ACT_1981,,AIR_ACT_1981,AUTH-010,CPCB|Preventive
CTRL-AA-05,Organization — Consent to Operate (Air),Preventive,Valid CTO must be held and renewed for air-emission sources,CA-008,,AA-05,CLA-AIR_ACT_1981,,AIR_ACT_1981,AUTH-010,CPCB|Preventive
CTRL-EPA-01,Site — Environmental Statement (Form V),Detective,Annual environmental statement summarizing water/air/waste performance must be filed,CA-008,,EPA-01,CLA-EPA_1986,,EPA_1986,AUTH-011,CPCB|Detective
CTRL-EPA-02,Site — CGWA Groundwater Extraction NOC,Detective,Bore-well water extraction requires CGWA No-Objection Certificate and periodic reporting,CA-008,,EPA-02,CLA-EPA_1986,,EPA_1986,AUTH-011,CPCB|Detective
CTRL-HW-01,Hazardous Waste Yard — Storage Duration Limit (<=90 days),Detective,Hazardous waste must not be stored beyond the permitted duration without SPCB extension,CA-006,,HW-01,CLA-HWM_RULES_2016,,HWM_RULES_2016,AUTH-010,CPCB|Detective
CTRL-HW-02,DG Set / Vendor — Used Oil Manifest,Detective,Used oil from DG sets must be handed over to an authorized recycler with a manifest,CA-006,,HW-02,CLA-HWM_RULES_2016,,HWM_RULES_2016,AUTH-010,CPCB|Detective
CTRL-HW-03,Hazardous Waste Yard — Segregation & Labelling,Preventive,Hazardous waste must be segregated by category and labelled per Schedule III,CA-006,,HW-03,CLA-HWM_RULES_2016,,HWM_RULES_2016,AUTH-010,CPCB|Preventive
CTRL-HW-04,Organization — Hazardous Waste Authorization,Preventive,Valid Rule 6 authorization must be held and renewed,CA-006,,HW-04,CLA-HWM_RULES_2016,,HWM_RULES_2016,AUTH-010,CPCB|Preventive
CTRL-SWM-01,Site — Source Segregation (Wet/Dry/Hazardous),Preventive,"Solid waste must be segregated at source into wet, dry and domestic-hazardous streams",CA-006,,SWM-01,CLA-SWM_RULES_2016,,SWM_RULES_2016,AUTH-013,CPCB|Preventive
CTRL-SWM-02,Organization — Bulk Generator Registration,Detective,"Registration as a bulk waste generator with the local body, with a waste management plan on file",CA-006,,SWM-02,CLA-SWM_RULES_2016,,SWM_RULES_2016,AUTH-013,CPCB|Detective
CTRL-SWM-03,Site — Wet Waste Processing Record,Detective,On-site wet waste processing (composting/biogas) volumes must be logged where mandated,CA-006,,SWM-03,CLA-SWM_RULES_2016,,SWM_RULES_2016,AUTH-013,CPCB|Detective
CTRL-NZ-01,"Site — Ambient Noise Limit (day/night, zone-specific)",Detective,Boundary noise levels must remain within notified day/night limits for the applicable zone,CA-008,,NZ-01,CLA-NOISE_RULES_2000,,NOISE_RULES_2000,AUTH-010,CPCB|Detective
CTRL-NZ-02,DG Set — Acoustic Enclosure Integrity,Preventive,DG sets must be housed in acoustic enclosures maintained to manufacturer/CPCB spec,CA-008,,NZ-02,CLA-NOISE_RULES_2000,,NOISE_RULES_2000,AUTH-010,CPCB|Preventive
CTRL-PW-01,Organization — Single-Use Plastic (SUP) Prohibition,Detective,Identified single-use plastic items (notified list) must not be used or distributed on-site,CA-006,,PW-01,CLA-PWM_RULES_2016,,PWM_RULES_2016,AUTH-009,CPCB|Detective
CTRL-PW-02,Organization — EPR Registration & Annual Return,Preventive,Plastic packaging use must be registered on the CPCB EPR portal with an annual return,CA-006,,PW-02,CLA-PWM_RULES_2016,,PWM_RULES_2016,AUTH-009,CPCB|Preventive
CTRL-EW-01,IT/Electronic Asset — E-Waste Disposal Manifest,Detective,End-of-life electronics must be handed to an authorized dismantler/recycler with a manifest,CA-006,,EW-01,CLA-EWASTE_RULES_2022,,EWASTE_RULES_2022,AUTH-009,CPCB|Detective
CTRL-BW-01,DG Set / UPS Battery — Battery Take-Back Manifest,Detective,Used lead-acid/other batteries must be returned to an authorized collection agency,CA-006,,BW-01,CLA-BATTERY_RULES_2022,,BATTERY_RULES_2022,AUTH-009,CPCB|Detective
CTRL-BMW-01,Bio-Medical Waste Store — Colour-Coded Segregation (Schedule I),Preventive,Bio-medical waste must be segregated into colour-coded bags/containers per category,CA-006,,BMW-01,CLA-BMW_RULES_2016,,BMW_RULES_2016,AUTH-010,CPCB|Preventive
CTRL-BMW-02,Bio-Medical Waste Store — CBWTF Handover Manifest (barcoded),Detective,Waste must be handed to the Common Bio-medical Waste Treatment Facility with a barcoded manifest,CA-006,,BMW-02,CLA-BMW_RULES_2016,,BMW_RULES_2016,AUTH-010,CPCB|Detective
CTRL-BMW-03,Autoclave/Deep Burial Pit (if on-site) — Treatment Efficacy Standard,Detective,"On-site autoclaving, where used, must meet validated time/temperature/pressure parameters",CA-006,,BMW-03,CLA-BMW_RULES_2016,,BMW_RULES_2016,AUTH-010,CPCB|Detective
CTRL-BMW-04,Organization — Bio-Medical Waste Authorization,Preventive,Valid Rule 10 authorization must be held and renewed,CA-006,,BMW-04,CLA-BMW_RULES_2016,,BMW_RULES_2016,AUTH-010,CPCB|Preventive
CTRL-CD-01,Site (during renovation) — C&D Waste Management Plan,Detective,A waste management plan must be filed and executed for renovation/demolition activity,CA-006,,CD-01,CLA-CD_RULES_2016,,CD_RULES_2016,AUTH-013,CPCB|Detective
