id,name,obligationType,clauseId,mandatory,catalogVersion,sourceDocumentId,sourceAnchor,reportId,tags
WA-01,Treated effluent must meet prescribed discharge/reuse standards before release or reuse,Mandatory,CLA-WATER_ACT_1974,Y,1.0,WATER_ACT_1974-DOC,Consent to Establish (CTE) / Consent to Operate (CTO) — Section 25/26,RPT-CPCB-01,CPCB|STP|subjectTo|Mandatory
WA-02,Effluent/water flow meters must be calibrated and log maintained,Mandatory,CLA-WATER_ACT_1974,Y,1.0,WATER_ACT_1974-DOC,Consent to Establish (CTE) / Consent to Operate (CTO) — Section 25/26,RPT-CPCB-02,CPCB|Site|requiresCheck|Mandatory
WA-03,Valid CTO must be held and renewed before expiry for water-related discharge,Mandatory,CLA-WATER_ACT_1974,Y,1.0,WATER_ACT_1974-DOC,Consent to Establish (CTE) / Consent to Operate (CTO) — Section 25/26,RPT-CPCB-03,CPCB|Organization|requires|Mandatory
WA-04,"Self-assessed water consumption cess return, where applicable",Mandatory,CLA-WATER_ACT_1974,Y,1.0,WATER_ACT_1974-DOC,Consent to Establish (CTE) / Consent to Operate (CTO) — Section 25/26,RPT-CPCB-04,CPCB|Site|subjectTo|Mandatory
AA-01,Stack emissions from DG sets must remain within CPCB/SPCB notified limits,Mandatory,CLA-AIR_ACT_1981,Y,1.0,AIR_ACT_1981-DOC,Consent to Establish (CTE) / Consent to Operate (CTO) — Section 21,RPT-CPCB-05,CPCB|DG Set|subjectTo|Mandatory
AA-02,Boiler stack emissions must remain within prescribed limits,Mandatory,CLA-AIR_ACT_1981,Y,1.0,AIR_ACT_1981-DOC,Consent to Establish (CTE) / Consent to Operate (CTO) — Section 21,RPT-CPCB-06,CPCB|Boiler|subjectTo|Mandatory
AA-03,Ambient air quality at site boundary must meet National Ambient Air Quality Standards,Mandatory,CLA-AIR_ACT_1981,Y,1.0,AIR_ACT_1981-DOC,Consent to Establish (CTE) / Consent to Operate (CTO) — Section 21,RPT-CPCB-07,CPCB|Site|subjectTo|Mandatory
AA-04,DG set stack height must meet CPCB norm relative to DG capacity/building height,Mandatory,CLA-AIR_ACT_1981,Y,1.0,AIR_ACT_1981-DOC,Consent to Establish (CTE) / Consent to Operate (CTO) — Section 21,RPT-CPCB-08,CPCB|DG Set|requiresCheck|Mandatory
AA-05,Valid CTO must be held and renewed for air-emission sources,Mandatory,CLA-AIR_ACT_1981,Y,1.0,AIR_ACT_1981-DOC,Consent to Establish (CTE) / Consent to Operate (CTO) — Section 21,RPT-CPCB-03,CPCB|Organization|requires|Mandatory
EPA-01,Annual environmental statement summarizing water/air/waste performance must be filed,Mandatory,CLA-EPA_1986,Y,1.0,EPA_1986-DOC,Umbrella statute — enabling framework for all subordinate Rules below,RPT-CPCB-09,CPCB|Site|subjectTo|Mandatory
EPA-02,Bore-well water extraction requires CGWA No-Objection Certificate and periodic reporting,Mandatory,CLA-EPA_1986,Y,1.0,EPA_1986-DOC,Umbrella statute — enabling framework for all subordinate Rules below,RPT-CPCB-10,CPCB|Site|subjectTo|Mandatory
HW-01,Hazardous waste must not be stored beyond the permitted duration without SPCB extension,Mandatory,CLA-HWM_RULES_2016,Y,1.0,HWM_RULES_2016-DOC,Hazardous Waste Authorization — Rule 6,RPT-CPCB-11,CPCB|Hazardous Waste Yard|subjectTo|Mandatory
HW-02,Used oil from DG sets must be handed over to an authorized recycler with a manifest,Mandatory,CLA-HWM_RULES_2016,Y,1.0,HWM_RULES_2016-DOC,Hazardous Waste Authorization — Rule 6,RPT-CPCB-12,CPCB|DG Set / Vendor|generates|Mandatory
HW-03,Hazardous waste must be segregated by category and labelled per Schedule III,Mandatory,CLA-HWM_RULES_2016,Y,1.0,HWM_RULES_2016-DOC,Hazardous Waste Authorization — Rule 6,,CPCB|Hazardous Waste Yard|requiresCheck|Mandatory
HW-04,Valid Rule 6 authorization must be held and renewed,Mandatory,CLA-HWM_RULES_2016,Y,1.0,HWM_RULES_2016-DOC,Hazardous Waste Authorization — Rule 6,RPT-CPCB-13,CPCB|Organization|requires|Mandatory
SWM-01,"Solid waste must be segregated at source into wet, dry and domestic-hazardous streams",Mandatory,CLA-SWM_RULES_2016,Y,1.0,SWM_RULES_2016-DOC,Bulk Waste Generator Registration / Segregation Compliance,,CPCB|Site|requiresCheck|Mandatory
SWM-02,"Registration as a bulk waste generator with the local body, with a waste management plan on file",Mandatory,CLA-SWM_RULES_2016,Y,1.0,SWM_RULES_2016-DOC,Bulk Waste Generator Registration / Segregation Compliance,RPT-CPCB-14,CPCB|Organization|subjectTo|Mandatory
SWM-03,On-site wet waste processing (composting/biogas) volumes must be logged where mandated,Mandatory,CLA-SWM_RULES_2016,Y,1.0,SWM_RULES_2016-DOC,Bulk Waste Generator Registration / Segregation Compliance,RPT-CPCB-15,CPCB|Site|generates|Mandatory
NZ-01,Boundary noise levels must remain within notified day/night limits for the applicable zone,Mandatory,CLA-NOISE_RULES_2000,Y,1.0,NOISE_RULES_2000-DOC,Ambient Noise Standard Compliance,RPT-CPCB-07,CPCB|Site|subjectTo|Mandatory
NZ-02,DG sets must be housed in acoustic enclosures maintained to manufacturer/CPCB spec,Mandatory,CLA-NOISE_RULES_2000,Y,1.0,NOISE_RULES_2000-DOC,Ambient Noise Standard Compliance,,CPCB|DG Set|requiresCheck|Mandatory
PW-01,Identified single-use plastic items (notified list) must not be used or distributed on-site,Mandatory,CLA-PWM_RULES_2016,Y,1.0,PWM_RULES_2016-DOC,Extended Producer Responsibility (EPR) Registration,,CPCB|Organization|subjectTo|Mandatory
PW-02,Plastic packaging use must be registered on the CPCB EPR portal with an annual return,Mandatory,CLA-PWM_RULES_2016,Y,1.0,PWM_RULES_2016-DOC,Extended Producer Responsibility (EPR) Registration,RPT-CPCB-16,CPCB|Organization|requires|Mandatory
EW-01,End-of-life electronics must be handed to an authorized dismantler/recycler with a manifest,Mandatory,CLA-EWASTE_RULES_2022,Y,1.0,EWASTE_RULES_2022-DOC,Extended Producer Responsibility (EPR) — for bulk consumers,RPT-CPCB-17,CPCB|IT/Electronic Asset|generates|Mandatory
BW-01,Used lead-acid/other batteries must be returned to an authorized collection agency,Mandatory,CLA-BATTERY_RULES_2022,Y,1.0,BATTERY_RULES_2022-DOC,Bulk Consumer Take-Back Compliance,RPT-CPCB-17,CPCB|DG Set / UPS Battery|generates|Mandatory
BMW-01,Bio-medical waste must be segregated into colour-coded bags/containers per category,Mandatory,CLA-BMW_RULES_2016,Y,1.0,BMW_RULES_2016-DOC,Bio-Medical Waste Authorization — Rule 10,,CPCB|Bio-Medical Waste Store|requiresCheck|Mandatory
BMW-02,Waste must be handed to the Common Bio-medical Waste Treatment Facility with a barcoded manifest,Mandatory,CLA-BMW_RULES_2016,Y,1.0,BMW_RULES_2016-DOC,Bio-Medical Waste Authorization — Rule 10,RPT-CPCB-18,CPCB|Bio-Medical Waste Store|generates|Mandatory
BMW-03,"On-site autoclaving, where used, must meet validated time/temperature/pressure parameters",Mandatory,CLA-BMW_RULES_2016,Y,1.0,BMW_RULES_2016-DOC,Bio-Medical Waste Authorization — Rule 10,RPT-CPCB-18,CPCB|Autoclave/Deep Burial Pit (if on-site)|subjectTo|Mandatory
BMW-04,Valid Rule 10 authorization must be held and renewed,Mandatory,CLA-BMW_RULES_2016,Y,1.0,BMW_RULES_2016-DOC,Bio-Medical Waste Authorization — Rule 10,RPT-CPCB-13,CPCB|Organization|requires|Mandatory
CD-01,A waste management plan must be filed and executed for renovation/demolition activity,Mandatory,CLA-CD_RULES_2016,Y,1.0,CD_RULES_2016-DOC,Waste Management Plan for C&D activity,RPT-CPCB-19,CPCB|Site (during renovation)|subjectTo|Mandatory
