id,name,authorityId,jurisdictionId,effectiveDate,effectiveFrom,catalogVersion,supersededBy,description,tags
WATER_ACT_1974,"Water (Prevention and Control of Pollution) Act, 1974",AUTH-010,JUR-INDIA,1974-01-01,1974-01-01,1.0,,"Any establishment discharging trade effluent or sewage, or drawing/using water in a manner covered by Section 25",CPCB|SPCB|India
AIR_ACT_1981,"Air (Prevention and Control of Pollution) Act, 1981",AUTH-010,JUR-INDIA,1981-01-01,1981-01-01,1.0,,"Any premises operating an 'air pollutant' emitting source (DG sets, boilers) above notified capacity thresholds",CPCB|SPCB|India
EPA_1986,"Environment (Protection) Act, 1986",AUTH-011,JUR-INDIA,1986-01-01,1986-01-01,1.0,,"Applies to every establishment; gives rise to the subordinate Rules (HWM, SWM, Plastic, Noise, E-Waste, Battery, BMW, C&D)",CPCB|MoEFCC|India
HWM_RULES_2016,"Hazardous and Other Wastes (Management and Transboundary Movement) Rules, 2016",AUTH-010,JUR-INDIA,2016-01-01,2016-01-01,1.0,,"Any establishment generating, storing, or transporting hazardous waste (used oil, e-waste, batteries, chemical residues)",CPCB|SPCB|India
SWM_RULES_2016,"Solid Waste Management Rules, 2016",AUTH-013,JUR-INDIA,2016-01-01,2016-01-01,1.0,,Any establishment generating solid waste above the 'bulk generator' threshold (most hotels/hospitals qualify),CPCB|ULB|India
NOISE_RULES_2000,"Noise Pollution (Regulation and Control) Rules, 2000",AUTH-010,JUR-INDIA,2000-01-01,2000-01-01,1.0,,Applies to premises adjoining or within notified zones (commercial/industrial/silence),CPCB|SPCB|India
PWM_RULES_2016,"Plastic Waste Management Rules, 2016 (as amended 2022)",AUTH-009,JUR-INDIA,2016-01-01,2016-01-01,1.0,,"Brand owners/users of plastic packaging above notified thresholds (F&B outlets, amenities packaging)",CPCB|CPCB|India
EWASTE_RULES_2022,"E-Waste (Management) Rules, 2022",AUTH-009,JUR-INDIA,2022-01-01,2022-01-01,1.0,,Establishments disposing of end-of-life electronic/IT equipment as bulk consumers,CPCB|CPCB|India
BATTERY_RULES_2022,"Battery Waste Management Rules, 2022",AUTH-009,JUR-INDIA,2022-01-01,2022-01-01,1.0,,Establishments using DG-set/UPS batteries above bulk-consumer threshold,CPCB|CPCB|India
BMW_RULES_2016,"Bio-Medical Waste Management Rules, 2016",AUTH-010,JUR-INDIA,2016-01-01,2016-01-01,1.0,,"Hospitals, clinics, diagnostic centres and any healthcare facility generating bio-medical waste",CPCB|SPCB|India
CD_RULES_2016,"Construction and Demolition Waste Management Rules, 2016",AUTH-013,JUR-INDIA,2016-01-01,2016-01-01,1.0,,"Applies during renovation, refurbishment, or demolition activity generating C&D waste above threshold",CPCB|ULB|India
