contractId,facilityId
AMC-FS-IND-2026-01,LOC-001
AMC-FS-IND-2026-01,LOC-002
AMC-FS-IND-2026-01,LOC-003
AMC-FS-IND-2026-01,LOC-004
AMC-FS-IND-2026-01,LOC-005
AMC-FS-IND-2026-01,LOC-006
AMC-FS-IND-2026-01,LOC-007
AMC-FS-IND-2026-01,LOC-008
AMC-FS-IND-2026-01,LOC-009
AMC-FS-IND-2026-01,LOC-010
AMC-FA-UK-2026-02,LOC-011
AMC-FA-UK-2026-02,LOC-012
AMC-FA-UK-2026-02,LOC-013
AMC-FA-UK-2026-02,LOC-014
AMC-FA-UK-2026-02,LOC-015
AMC-FA-UK-2026-02,LOC-016
AMC-FA-UK-2026-02,LOC-017
AMC-FA-UK-2026-02,LOC-018
AMC-FA-UK-2026-02,LOC-019
AMC-FA-UK-2026-02,LOC-020
AMC-FE-IND-2026-03,LOC-001
AMC-FE-IND-2026-03,LOC-002
AMC-FE-IND-2026-03,LOC-003
AMC-FE-IND-2026-03,LOC-004
AMC-FE-IND-2026-03,LOC-005
AMC-FE-IND-2026-03,LOC-006
AMC-FE-IND-2026-03,LOC-007
AMC-FE-IND-2026-03,LOC-008
AMC-FE-IND-2026-03,LOC-009
AMC-FE-IND-2026-03,LOC-010
AMC-FE-UK-2026-04,LOC-011
AMC-FE-UK-2026-04,LOC-012
AMC-FE-UK-2026-04,LOC-013
AMC-FE-UK-2026-04,LOC-014
AMC-FE-UK-2026-04,LOC-015
AMC-FE-UK-2026-04,LOC-016
AMC-FE-UK-2026-04,LOC-017
AMC-FE-UK-2026-04,LOC-018
AMC-FE-UK-2026-04,LOC-019
AMC-FE-UK-2026-04,LOC-020
SEC-ALL-2026-05,LOC-001
SEC-ALL-2026-05,LOC-002
SEC-ALL-2026-05,LOC-003
SEC-ALL-2026-05,LOC-004
SEC-ALL-2026-05,LOC-005
SEC-ALL-2026-05,LOC-006
SEC-ALL-2026-05,LOC-007
SEC-ALL-2026-05,LOC-008
SEC-ALL-2026-05,LOC-009
SEC-ALL-2026-05,LOC-010
SEC-ALL-2026-05,LOC-011
SEC-ALL-2026-05,LOC-012
SEC-ALL-2026-05,LOC-013
SEC-ALL-2026-05,LOC-014
SEC-ALL-2026-05,LOC-015
SEC-ALL-2026-05,LOC-016
SEC-ALL-2026-05,LOC-017
SEC-ALL-2026-05,LOC-018
SEC-ALL-2026-05,LOC-019
SEC-ALL-2026-05,LOC-020
WM-IND-2026-06,LOC-001
WM-IND-2026-06,LOC-002
WM-IND-2026-06,LOC-003
WM-IND-2026-06,LOC-004
WM-IND-2026-06,LOC-005
WM-IND-2026-06,LOC-006
WM-IND-2026-06,LOC-007
WM-IND-2026-06,LOC-008
WM-IND-2026-06,LOC-009
WM-IND-2026-06,LOC-010
WM-UK-2026-07,LOC-011
WM-UK-2026-07,LOC-012
WM-UK-2026-07,LOC-013
WM-UK-2026-07,LOC-014
WM-UK-2026-07,LOC-015
WM-UK-2026-07,LOC-016
WM-UK-2026-07,LOC-017
WM-UK-2026-07,LOC-018
WM-UK-2026-07,LOC-019
WM-UK-2026-07,LOC-020
MEP-ALL-2026-08,LOC-001
MEP-ALL-2026-08,LOC-002
MEP-ALL-2026-08,LOC-003
MEP-ALL-2026-08,LOC-004
MEP-ALL-2026-08,LOC-005
MEP-ALL-2026-08,LOC-006
MEP-ALL-2026-08,LOC-007
MEP-ALL-2026-08,LOC-008
MEP-ALL-2026-08,LOC-009
MEP-ALL-2026-08,LOC-010
MEP-ALL-2026-08,LOC-011
MEP-ALL-2026-08,LOC-012
MEP-ALL-2026-08,LOC-013
MEP-ALL-2026-08,LOC-014
MEP-ALL-2026-08,LOC-015
MEP-ALL-2026-08,LOC-016
MEP-ALL-2026-08,LOC-017
MEP-ALL-2026-08,LOC-018
MEP-ALL-2026-08,LOC-019
MEP-ALL-2026-08,LOC-020
HVAC-ALL-2026-09,LOC-001
HVAC-ALL-2026-09,LOC-002
HVAC-ALL-2026-09,LOC-003
HVAC-ALL-2026-09,LOC-004
HVAC-ALL-2026-09,LOC-005
HVAC-ALL-2026-09,LOC-006
HVAC-ALL-2026-09,LOC-007
HVAC-ALL-2026-09,LOC-008
HVAC-ALL-2026-09,LOC-009
HVAC-ALL-2026-09,LOC-010
HVAC-ALL-2026-09,LOC-011
HVAC-ALL-2026-09,LOC-012
HVAC-ALL-2026-09,LOC-013
HVAC-ALL-2026-09,LOC-014
HVAC-ALL-2026-09,LOC-015
HVAC-ALL-2026-09,LOC-016
HVAC-ALL-2026-09,LOC-017
HVAC-ALL-2026-09,LOC-018
HVAC-ALL-2026-09,LOC-019
HVAC-ALL-2026-09,LOC-020
RACK-ALL-2026-10,LOC-001
RACK-ALL-2026-10,LOC-002
RACK-ALL-2026-10,LOC-003
RACK-ALL-2026-10,LOC-004
RACK-ALL-2026-10,LOC-005
RACK-ALL-2026-10,LOC-006
RACK-ALL-2026-10,LOC-007
RACK-ALL-2026-10,LOC-008
RACK-ALL-2026-10,LOC-009
RACK-ALL-2026-10,LOC-010
RACK-ALL-2026-10,LOC-011
RACK-ALL-2026-10,LOC-012
RACK-ALL-2026-10,LOC-013
RACK-ALL-2026-10,LOC-014
RACK-ALL-2026-10,LOC-015
RACK-ALL-2026-10,LOC-016
RACK-ALL-2026-10,LOC-017
RACK-ALL-2026-10,LOC-018
RACK-ALL-2026-10,LOC-019
RACK-ALL-2026-10,LOC-020
LAB-ALL-2026-11,LOC-001
LAB-ALL-2026-11,LOC-002
LAB-ALL-2026-11,LOC-003
LAB-ALL-2026-11,LOC-004
LAB-ALL-2026-11,LOC-005
LAB-ALL-2026-11,LOC-006
LAB-ALL-2026-11,LOC-007
LAB-ALL-2026-11,LOC-008
LAB-ALL-2026-11,LOC-009
LAB-ALL-2026-11,LOC-010
LAB-ALL-2026-11,LOC-011
LAB-ALL-2026-11,LOC-012
LAB-ALL-2026-11,LOC-013
LAB-ALL-2026-11,LOC-014
LAB-ALL-2026-11,LOC-015
LAB-ALL-2026-11,LOC-016
LAB-ALL-2026-11,LOC-017
LAB-ALL-2026-11,LOC-018
LAB-ALL-2026-11,LOC-019
LAB-ALL-2026-11,LOC-020
INS-ALL-2026-12,LOC-001
INS-ALL-2026-12,LOC-002
INS-ALL-2026-12,LOC-003
INS-ALL-2026-12,LOC-004
INS-ALL-2026-12,LOC-005
INS-ALL-2026-12,LOC-006
INS-ALL-2026-12,LOC-007
INS-ALL-2026-12,LOC-008
INS-ALL-2026-12,LOC-009
INS-ALL-2026-12,LOC-010
INS-ALL-2026-12,LOC-011
INS-ALL-2026-12,LOC-012
INS-ALL-2026-12,LOC-013
INS-ALL-2026-12,LOC-014
INS-ALL-2026-12,LOC-015
INS-ALL-2026-12,LOC-016
INS-ALL-2026-12,LOC-017
INS-ALL-2026-12,LOC-018
INS-ALL-2026-12,LOC-019
INS-ALL-2026-12,LOC-020
